{
	"dependencias": [
		{
			"codigo": 1,
			"nombre": "Decanatura",
            "color": "000080",
            "sub-dependencias":0
		},
		{
			"codigo": 4,
			"nombre": "Departamento de Sistemas",
            "color": "800080",
            "sub-dependencias":1
		},
		{
			"codigo": 5,
			"nombre": "Departamento de Electrónica",
            "color": "008080",
            "sub-dependencias":1            
		}
	],
	"sub-dependencias": [
		[
			{
				"codigo": 1,
				"nombre": "Decano",
				"color": "800000"
			},
			{
				"codigo": 2,
				"nombre": "Secretaría General",
				"color": "9999ff"
			}
		],
		[
			{
				"codigo": 1,
				"nombre": "Jefe de Departamento",
				"color": "808000"
			},
			{
				"codigo": 2,
				"nombre": "Tesorería",
				"color": "ffff00"
			}
		]
	]
}
